name,brand,variant,category_slug,sku,description,price_usd,cost_usd,margin_pct,unit_abbr,emoji,tag,featured,active,stock,min_qty
"ALFILER PARA MAPA T/BARRIL X 50","",,varios,"CO-ALM50",,0.92,,,und,,,false,true,-1,1
"ALMOHADILLA DACTI.OFIART  OF-013 RED","OFIART",,tinta_sellos,"COR-ALST",,1.41,,,und,,,false,true,-1,1
"ALMOHADILLA DACTI.OFIART 50MM RED OF-048","OFIART",,tinta_sellos,"COR-ALD",,1.48,,,und,,,false,true,-1,1
"ALMOHADILLA DACTI.PRINTA REDONDA PR-0-0016","PRINTA",,tinta_sellos,"COR-A0102",,1.41,,,und,,,false,true,-1,1
"ALMOHADILLA N.0 PLASTICA MAYKA","MAYKA",,tinta_sellos,"MY-AL0",,1.44,,,und,,,false,true,-1,1
"ALMOHADILLA N1 PLASTICA. MAYKA","MAYKA",,tinta_sellos,"MY-ALP",,1.68,,,und,,,false,true,-1,1
"ALMOHADILLA N§3 OFIART PARA SELLO","OFIART",,tinta_sellos,"OFI-AM3",,1.51,,,und,,,false,true,-1,1
"ARCHICOMODO CARTON","",,archivadores,"CA-ARC",,3.93,,,und,,,false,true,-1,1
"ARCHICOMODO PLASTICO","",,archivadores,"CA-ARP",,4.00,,,und,,,false,true,-1,1
"ARCHIVADOR L.ANCHO CARTA","",,archivadores,"PR-ALTC",,2.84,,,und,,,false,true,-1,1
"ARCHIVADOR L.ANCHO T/OFICIO","",,archivadores,"IM-ARLOF",,2.84,,,und,,,false,true,-1,1
"ARCHIVADOR SINFONIA CARTA ALFA-NUME","",,archivadores,"MY-ARCAZ",,13.97,,,und,,,false,true,-1,1
"ARCHIVADOR SINFONIA GIRO ALFA-NUME","",,archivadores,"MY-ARGAZ",,9.11,,,und,,,false,true,-1,1
"ARCHIVADOR SINFONIA OFICIO ALFA-NUM","",,archivadores,"MY-AROAZ",,16.55,,,und,,,false,true,-1,1
"ARCHIVADOR SINFONIA PLAS CARTA OFIAR/PRINT","",,archivadores,"CPRIN-ARCAZ",,5.48,,,und,,,false,true,-1,1
"ARCHIVADOR SINFONIA PLAST/GIRO PRINTA","PRINTA",,archivadores,"DIS-ARAZ",,3.96,,,und,,,false,true,-1,1
"ARCHIVADOR SINFONIA PLASTICO OFICIO","",,archivadores,"PAR-58231",,5.71,,,und,,,false,true,-1,1
"BANDAS DE GOMA 20 GRS UNIDAD","",,pegamentos,"COR-B20GR",,0.81,,,und,,,false,true,-1,1
"BANDAS DE GOMA 250 GRS N§18 0335004","",,pegamentos,"DA-B250",,11.07,,,und,,,false,true,-1,1
"BANDEJAS 2 NIV.MALLA METALICA 2 NIVELES OF-0131","",,bandejas,"PP-B2N",,19.97,,,und,,,false,true,-1,1
"BATERIA AA (X2)","",,pilas,"IB-BAA",,2.03,,,und,,,false,true,-1,1
"BLOCK ANALISIS 10 COL.","",,cuadernos,"LA-B10",,7.96,,,und,,,false,true,-1,1
"BLOCK BOND DIN A4 ROTULADO ECOLOGICO","",,cuadernos,"CI-BRB",,0.99,,,und,,,false,true,-1,1
"BLOCK BOND DIN A4 SIN ROTULAR","",,cuadernos,"CI-BB",,0.99,,,und,,,false,true,-1,1
"BLOCK BOND DIN A4 SIN ROTULAR ALPHA","",,cuadernos,"NA-BB",,0.99,,,und,,,false,true,-1,1
"BLOCK CARTA 40 H.RAYADO","",,cuadernos,"DM-B30",,1.60,,,und,,,false,true,-1,1
"BLOCK CARTA 50 H.RAYADO SIN PORTADA","",,cuadernos,"DM-B50",,1.44,,,und,,,false,true,-1,1
"BLOCK CARTA 80 H.RAYADO","",,cuadernos,"FB-B80",,3.20,,,und,,,false,true,-1,1
"BLOCK CUADRICULADO CARTA JEGAR  40 HOJAS","",,cuadernos,"IY-BC",,1.60,,,und,,,false,true,-1,1
"BLOCK DE CONSTRUCCION  JGC","",,cuadernos,"DF-BC",,0.73,,,und,,,false,true,-1,1
"BLOCK DE NOTAS #1","",,cuadernos,"CP-BN1",,0.24,,,und,,,false,true,-1,1
"BLOCK DE NOTAS #2","",,cuadernos,"CP-BN2",,0.45,,,und,,,false,true,-1,1
"BLOCK DE NOTAS #3","",,cuadernos,"CP-BN3",,0.85,,,und,,,false,true,-1,1
"BLOCK DIBUJO 6196 C/LOMO COBA","",,cuadernos,"CP-B6196",,8.07,,,und,,,false,true,-1,1
"BLOCK DIBUJO C/ESPIRAL  JGC","",,cuadernos,"JGC-BDE",,2.24,,,und,,,false,true,-1,1
"BLOCK ESTUDIANTIL CARTA 40 HJ BLANCO","",,cuadernos,"ED-B40C",,5.23,,,und,,,false,true,-1,1
"BLOCK ESTUDIANTIL OFICI 40 HJ BLANCO","",,cuadernos,"ED-B40O",,5.23,,,und,,,false,true,-1,1
"BLOCK FACTURAS GRANDE 75 H","",,cuadernos,"CI-BF280",,2.16,,,und,,,false,true,-1,1
"BLOCK FACTURAS PEQUE¥O 35H ALPHA","",,cuadernos,"NA-BF1",,1.13,,,und,,,false,true,-1,1
"BLOCK GIRO 100 HOJAS ALPHA","",,cuadernos,"NA-G100",,3.21,,,und,,,false,true,-1,1
"BLOCK GIRO 50 HOJAS ALPHA","",,cuadernos,"NA-G50",,2.33,,,und,,,false,true,-1,1
"BLOCK MEMO ESPIRAL  MINI","",,cuadernos,"CP-BEM",,1.08,,,und,,,false,true,-1,1
"BLOCK MILIMETRADO 20hjas JGC","",,cuadernos,"CE-BM",,1.07,,,und,,,false,true,-1,1
"BLOCK MINI 45 HJS RAYADO/CUDRO/DLINEA JGC","",,cuadernos,"GL-B40",,0.21,,,und,,,false,true,-1,1
"BLOCK PAPEL LUSTRILLO","",,cuadernos,"CE-BLC",,0.53,,,und,,,false,true,-1,1
"BLOCK PAPELES SURTIDOS JGC","",,cuadernos,"OF-BPS",,1.33,,,und,,,false,true,-1,1
"BLOCK RAYADO 40 HJAS JGCOLOR","",,cuadernos,"IVC-B40",,1.60,,,und,,,false,true,-1,1
"BLOCK RECIBO GRANDE 40 H ALPHA","",,cuadernos,"NA-BR2",,2.05,,,und,,,false,true,-1,1
"BLOCK RECIBO GRANDE 80 H ALPHA","",,cuadernos,"NA-BR280",,4.08,,,und,,,false,true,-1,1
"BLOCK RECIBO PEQUE¥O 40 H ALPHA","",,cuadernos,"NA-BR1",,1.25,,,und,,,false,true,-1,1
"BLOCK TAQUIGRAFIA","",,cuadernos,"CP-BE",,1.40,,,und,,,false,true,-1,1
"BOLIGRAFO CB RETRATIL SHARK NE X12","SHARK",,boligrafos,"SH-BRNE",,1.33,,,und,,,false,true,-1,1
"BOLIGRAFO CLASIC ROJO X12","",,boligrafos,"OFI-BCRO",,1.91,,,und,,,false,true,-1,1
"BOLIGRAFO CRISTALINO SHARK NE CJA X12","SHARK",,boligrafos,"PR-BON",,2.36,,,und,,,false,true,-1,1
"BOLIGRAFO ESTOL TRANSP P/M AZUL X12","",,boligrafos,"COR-BETA",,2.39,,,und,,,false,true,-1,1
"BOLIGRAFO GEL C/T .07MM AZ STUDMARK 03104.C","STUDMARK",,boligrafos,"HP-BCT",,6.76,,,und,,,false,true,-1,1
"BOLIGRAFO GEL COL CLASC SETX6 PRINTA","PRINTA",,boligrafos,"PR-BGCSX6",,1.69,,,und,,,false,true,-1,1
"BOLIGRAFO GEL COL SUR METALLICO SET X6","",,boligrafos,"PR-BGCSMX6",,1.69,,,und,,,false,true,-1,1
"BOLIGRAFO KORES OPACO AZUL /M X12 K1 37011.52","KORES",,boligrafos,"KO-BOA",,3.85,,,und,,,false,true,-1,1
"BOLIGRAFO KORES OPACO ROJO M/X12  37031.52","KORES",,boligrafos,"KO-BORM",,3.85,,,und,,,false,true,-1,1
"BOLIGRAFO KORES OPACO k1 NEGRO MEDIO 37021.52","KORES",,boligrafos,"KO-BON",,3.85,,,und,,,false,true,-1,1
"BOLIGRAFO KORES TRANS/ROJO K1 medio","KORES",,boligrafos,"KO-BOLTL",,4.09,,,und,,,false,true,-1,1
"BOLIGRAFO KORES TRANSP AZUL K2 X12","KORES",,boligrafos,"KO-BAK2",,4.49,,,und,,,false,true,-1,1
"BOLIGRAFO LEVO L-INK ROJO 1.0 MM CJAX12","LEVO",,boligrafos,"HP-B100ART",,2.04,,,und,,,false,true,-1,1
"BOLIGRAFO LEVO/L-INK NEGRO 1.0MM CJA X12","LEVO",,boligrafos,"HP-B100N",,2.04,,,und,,,false,true,-1,1
"BOLIGRAFO MARFIL ROJO X12","",,boligrafos,"IVC-BMRO",,3.39,,,und,,,false,true,-1,1
"BOLIGRAFO MONGOL P/MEDIA AZUL x12","MONGOL",,boligrafos,"HP-BOAMAZ",,3.67,,,und,,,false,true,-1,1
"BOLIGRAFO OFIMAX NEGRO BASICX12","",,boligrafos,"DP-2205",,2.08,,,und,,,false,true,-1,1
"BOLIGRAFO OFIMAX ROJO X12","",,boligrafos,"DP-BOR",,2.04,,,und,,,false,true,-1,1
"BOLIGRAFO PAPER KM INKJOY AZUL C/CLIP 100ST","",,boligrafos,"HP-B100A",,2.88,,,und,,,false,true,-1,1
"BOLIGRAFO PAPER KM INKJOY CJ X 12 NE ST","",,boligrafos,"HP-B100ST",,2.88,,,und,,,false,true,-1,1
"BOLIGRAFO PM INKJOY NEGRO RETRACTIL 100RT","",,boligrafos,"HP-BRT",,3.36,,,und,,,false,true,-1,1
"BOLIGRAFO TRASN P/M AZUL X12 SHARK","SHARK",,boligrafos,"SH-BTPMAZ",,1.85,,,und,,,false,true,-1,1
"BOLIGRAFO TRASN P/M NEGRO X12 SHARK","SHARK",,boligrafos,"BC-BTPMAZ",,4.09,,,und,,,false,true,-1,1
"BOLIGRAFO TRIANG C/T 1MM AZ STUDMARK 03101-C","STUDMARK",,boligrafos,"PE-BOPA",,4.12,,,und,,,false,true,-1,1
"BORRADOR P/PIZARRA AZUL/NE PRIN/OFIART","OFIART",,cartelera,"PAE-BOP",,1.35,,,und,,,false,true,-1,1
"BORRDOR PIZARRA PRIN/OFIAR","",,cartelera,"PR-BP",,1.22,,,und,,,false,true,-1,1
"CALCULADORA 12 DIG STUDMARK DC-120","STUDMARK",,calculadoras,"SH-DC120",,13.13,,,und,,,false,true,-1,1
"CARPETA CLIP PRESICION METALICO TRX10 OFICIO","",,carpetas,"COR-CP10",,3.03,,,und,,,false,true,-1,1
"CARPETA DE PRESENTACION T/CARTA A4 X5","",,carpetas,"OS-CATRC",,5.69,,,und,,,false,true,-1,1
"CARPETA MANILA COLORES T/C Y OFICIO X25","",,carpetas,"FB-CLC",,8.00,,,und,,,false,true,-1,1
"CARPETAS 3 AROS 1/2"" BLANCA DELUXE","",,carpetas,"OS-HCAI",,3.27,,,und,,,false,true,-1,1
"CARPETAS 3 AROS CARTA 1"" BCA.DELUXE","",,carpetas,"OS-CAC1BD",,6.01,,,und,,,false,true,-1,1
"CARPETAS 3 AROS CARTA 11/2"" BCA.DELUXE","",,carpetas,"OS-C11/2DB",,6.79,,,und,,,false,true,-1,1
"CARPETAS 3 AROS CARTA 2"" BCA.DELUXE","",,carpetas,"OS-CAC2B",,7.43,,,und,,,false,true,-1,1
"CARPETAS 3 AROS CARTA 3"" BCA.DELUXE","",,carpetas,"OS-C3CB",,8.76,,,und,,,false,true,-1,1
"CARPETAS COLGANTES MAYKA(Cjax20und)","MAYKA",,carpetas,"MY-CC",,20.27,,,und,,,false,true,-1,1
"CARPETAS CON LIGA FINA PLASTICA OFIC","",,carpetas,"DIV-CLF",,3.29,,,und,,,false,true,-1,1
"CARPETAS CON LIGA OFICIO PRINTA/OFIART","PRINTA",,carpetas,"PRI-CLC",,1.81,,,und,,,false,true,-1,1
"CARPETAS CON LIGA T/A4 STUDMARK","STUDMARK",,carpetas,"SHI-CCLA4",,1.97,,,und,,,false,true,-1,1
"CARPETAS CON LIGAS T/ CARTA OFIART OF-0120","OFIART",,carpetas,"OF-CL",,2.08,,,und,,,false,true,-1,1
"CARPETAS EXPEDIENTES 3 DIVIC.","",,carpetas,"CAR-CE3",,4.67,,,und,,,false,true,-1,1
"CARPETAS FIBRA CARTA J-COLOR C/FUELLE","J-COLOR",,carpetas,"CP-COSG",,17.33,,,und,,,false,true,-1,1
"CARPETAS FIBRA CARTA X25 MR-B S/F S/G","",,carpetas,"D-ETICFMC",,6.67,,,und,,,false,true,-1,1
"CARPETAS FIBRA OFICIO  S/FUE S/GANCHO JCOLOR","JCOLOR",,carpetas,"IC-CFOS",,8.43,,,und,,,false,true,-1,1
"CARPETAS FIBRA OFICIO BRILLANTE X25 IBT","IBT",,carpetas,"CP-CFSO",,8.71,,,und,,,false,true,-1,1
"CARPETAS FIBRA OFICIO CARIBE X25 C/FUELLE 4122C","CARIBE",,carpetas,"IC-CFO",,25.67,,,und,,,false,true,-1,1
"CARPETAS FIBRA OFICIO X25 MB/ S/F S/G","",,carpetas,"D-ETICFMO",,6.67,,,und,,,false,true,-1,1
"CARPETAS MANILA CARTA X100  J-COLOR","J-COLOR",,carpetas,"JC-CAMC",,17.33,,,und,,,false,true,-1,1
"CARPETAS MANILA OFICIO J-COLOR X100","J-COLOR",,carpetas,"JC-CAMCO",,17.33,,,und,,,false,true,-1,1
"CARPETAS MANILA OFICIO MR-B X 100","",,carpetas,"OS-CAMO",,15.27,,,und,,,false,true,-1,1
"CARPETAS MAYKA DATA 3","MAYKA",,carpetas,"MY-CD3",,17.99,,,und,,,false,true,-1,1
"CARPETAS TRNSPAR C/PERFILSURT CARTA","",,carpetas,"CP-CALP",,0.45,,,und,,,false,true,-1,1
"CARTELERA DE CORCHO 90X60 OK C/MARCO DE ALUMINIO","",,cartelera,"MA-CC90",,19.41,,,und,,,false,true,-1,1
"CARTILLA ESCOLAR SURTIDAS","",,varios,"PG-CAR",,0.33,,,und,,,false,true,-1,1
"CARTUCHERAS C/CIERRE ESTAMPADA","",,cartucheras,"CC-CS",,1.40,,,und,,,false,true,-1,1
"CARTUCHO TINTA QUINK AZUL 5 CART.PARKER","PARKER",,tinta_sellos,"GI-TICAZ",,12.84,,,und,,,false,true,-1,1
"CARTUCHO TINTA WATERMAN FP NE X8","",,tinta_sellos,"GI-TICAZW",,22.01,,,und,,,false,true,-1,1
"CARTULINA DOBLE FAZ VARIOS COLORES X UNID","",,papel,"BA-CDFA",,0.85,,,und,,,false,true,-1,1
"CARTULINA ESCOLAR BLANCA X 25 BRISTOL","",,papel,"CH-CAEBL",,10.00,,,und,,,false,true,-1,1
"CARTULINA ESCOLAR VARIOS COLORES X25","",,papel,"CH-CAEAC",,11.00,,,und,,,false,true,-1,1
"CARTULINA FLUORESCENTES COLORES SURTIDAS","",,papel,"IX-CAFF",,0.88,,,und,,,false,true,-1,1
"CARTULINA HILO BLANCA CARTA X 100 KORES","KORES",,papel,"KO-CHBC100",,23.67,,,und,,,false,true,-1,1
"CARTULINA HILO CREMA T/C X25 200GRM KORES 41322.61","KORES",,papel,"KO-CH25C",,4.81,,,und,,,false,true,-1,1
"CARTULINA HOLOGRAFICA 50X70 DORADA","",,papel,"SCV-CHOLD",,1.60,,,und,,,false,true,-1,1
"CARTULINA OPALINA X100 T/C JEGAR/C 200GRM","",,papel,"NI-COPBX100",,16.00,,,und,,,false,true,-1,1
"CD VIRGEN SG-DIGITAL","",,multimedia,"CPL-CD",,0.57,,,und,,,false,true,-1,1
"CD-R S-DATA 700MB","",,multimedia,"DC-CD50",,0.53,,,und,,,false,true,-1,1
"CHINCHES SURTIDOS CAJA * 100 OFIART/PRINTA","PRINTA",,chinches,"IX-CHS",,0.80,,,und,,,false,true,-1,1
"CHINCHES UNICOLOR CAJA * 100 SHARK","SHARK",,chinches,"IX-CH",,0.87,,,und,,,false,true,-1,1
"CINTA DOBLE FAZ ESPUMA BLANCA 3/4X30MTS","",,cintas,"CE-CDF",,24.60,,,und,,,false,true,-1,1
"CINTA DOBLE/FAZ PRINTA 3/4 UNIDAD OF-109","PRINTA",,cintas,"PR-CDF3/4",,1.81,,,und,,,false,true,-1,1
"CINTA P/EMBALAR TRANS/PRO 48X90","",,cintas,"CPN-CT90",,2.24,,,und,,,false,true,-1,1
"CINTA P/REGISTRADORA IBM 1285","",,cintas,"BPI-1285",,25.69,,,und,,,false,true,-1,1
"CINTA PARA IMPRES/EPSON LX-300 GENERICA","",,cintas,"AR-8766",,8.76,,,und,,,false,true,-1,1
"CINTA PARA IMPRES/EPSON LX350 GENERICA","",,cintas,"MX-2190",,8.76,,,und,,,false,true,-1,1
"CINTAS CELLUX 1*50 UND 1"" C102-06","CELLUX",,cintas,"CEL-150",,2.61,,,und,,,false,true,-1,1
"CINTAS CELLUX 1/2*25 UND=1/2"" 102-01","CELLUX",,cintas,"CEL-1225",,0.76,,,und,,,false,true,-1,1
"CINTAS CELLUX 1/2*50 UND=1/2"" C102-04","CELLUX",,cintas,"CEL-1250",,1.49,,,und,,,false,true,-1,1
"CINTAS CELLUX 3/4*25 UND 18mmx25mts 102-03","CELLUX",,cintas,"CEL-3425",,1.12,,,und,,,false,true,-1,1
"CINTAS CELLUX 3/4*50 UND 18mmx50 C102-05","CELLUX",,cintas,"CEL-3450",,1.97,,,und,,,false,true,-1,1
"CINTAS CELOVEN 3/4 * 25 18x25","",,cintas,"CE-CI3425",,1.53,,,und,,,false,true,-1,1
"CINTAS CELOVEN 3/4 * 50 x unidad 3472P","",,cintas,"CE-CI3450",,2.97,,,und,,,false,true,-1,1
"CINTAS D/FAZ 3/4 X18MM OFIART","OFIART",,cintas,"OD-CDF",,1.64,,,und,,,false,true,-1,1
"CINTAS INVICEL 3/4 * 25  PRINTA","PRINTA",,cintas,"CE-CI3425I",,1.19,,,und,,,false,true,-1,1
"CINTAS INVISIBLE 18X33MM 3/4 X25 OFI/PRIN","",,cintas,"CEL-3425IN",,1.07,,,und,,,false,true,-1,1
"CINTAS MORROPAC 2""MARRON LET/ROJA(PAM1)48x35","",,cintas,"CE-CIMOR",,3.03,,,und,,,false,true,-1,1
"CINTAS MORROPAC 2""TRANSP LET/ROJA 48MMx35(2140PAT1","",,cintas,"CE-CIMT",,3.03,,,und,,,false,true,-1,1
"CINTAS MORROPAC 48X90 TRANSP L/ROJAS(2190PAT1","",,cintas,"CE-CI4845",,5.00,,,und,,,false,true,-1,1
"CINTAS P/EMPAQUE MR,BOBINA MARRON 90X36MM","",,cintas,"OFI-CEMRON",,1.53,,,und,,,false,true,-1,1
"CINTAS P/EMPAQUE MR,BOBINA TRASNP 90X36","",,cintas,"OFI-CEM2",,1.53,,,und,,,false,true,-1,1
"CINTAS TRASP MR-B 3/4X25X18MM X8","",,cintas,"ACG-3/4X25",,1.67,,,und,,,false,true,-1,1
"CLIP JUMBO 50MM X10 OFIAR  OF-027","",,clips_ganchos,"OF-CLJOF",,1.33,,,und,,,false,true,-1,1
"CLIPS #1 ESTOL METALICO 33MM CJA X100","",,clips_ganchos,"COP-CLM1",,0.72,,,und,,,false,true,-1,1
"CLIPS #1 TULSA CAJA DE 100","",,clips_ganchos,"AC-CL1",,0.53,,,und,,,false,true,-1,1
"CLIPS MARIPOSA # 1 FANAGRA","",,clips_ganchos,"AC-CLM1",,0.93,,,und,,,false,true,-1,1
"CLIPS MARIPOSA # 1 PRINTA/OFIART","PRINTA",,clips_ganchos,"PR-CLM1",,1.64,,,und,,,false,true,-1,1
"CLIPS MARIPOSA # 2 FANAGRA","",,clips_ganchos,"AC-CLM2",,2.01,,,und,,,false,true,-1,1
"CLIPS METALICO DE COLORES PRINT/OFIAR","",,clips_ganchos,"IX-CLC",,0.73,,,und,,,false,true,-1,1
"CLIPS METALICO N/1 33mm IDEOFFICEX100","",,clips_ganchos,"OFFI-VAL",,0.55,,,und,,,false,true,-1,1
"COMPAS DE PRECISION OFIART PEQUE-/OF-E2","OFIART",,compases,"OF-COMPS",,1.67,,,und,,,false,true,-1,1
"COMPAS ESCOLAR PRINTA (0013)METALICO","PRINTA",,compases,"OF-COM",,1.91,,,und,,,false,true,-1,1
"COMPAS METAL PRECISION NEON KORES 42031.1","KORES",,compases,"KO-CMPN",,20.36,,,und,,,false,true,-1,1
"COMPAS PRECISION GRANDE OFIART OF-E1","OFIART",,compases,"COP-CE101",,3.27,,,und,,,false,true,-1,1
"COMPRO.LEC PEQUE¥O(EGRESO)CCARBON","",,formularios,"LEC-800094",,7.32,,,und,,,false,true,-1,1
"COMPRO.LEC VALE PROVISIONAL DE CAJA","",,formularios,"LEC-2011",,1.11,,,und,,,false,true,-1,1
"COMPRO.PRINTER VALE PAQX200X1 A-361","",,formularios,"PRI-A361",,2.31,,,und,,,false,true,-1,1
"CORRECTOR LIQUIDO BROCHA BROCHA IDEOFFICE","",,correctores,"BI-COLSQ",,0.77,,,und,,,false,true,-1,1
"CORRECTOR LIQUIDO BROCHA ESTOL 18ML","",,correctores,"KO-COA",,1.11,,,und,,,false,true,-1,1
"CORRECTOR LIQUIDO BROCHA OFIART/PRINTA  OF-011","PRINTA",,correctores,"INPA",,0.87,,,und,,,false,true,-1,1
"CORRECTOR LIQUIDO KORES FLUID","KORES",,correctores,"KO-COP",,1.35,,,und,,,false,true,-1,1
"CORRECTOR LIQUIDO LAPIZ PRINTA/OFIART PR-0015","PRINTA",,lapices,"PR-CLL",,0.77,,,und,,,false,true,-1,1
"CORTA CARTON GRANDE  18MM  OF-07","",,varios,"II-CCG",,0.60,,,und,,,false,true,-1,1
"CREYONES DE CERA LA NIEVE DE 6","LA NIEVE",,creyones,"IV-CRC6",,0.88,,,und,,,false,true,-1,1
"CREYONES ESTOL TRIANG X 12 COLORES C/SAC Y LAPIZ","",,lapices,"CO-CREY12",,2.07,,,und,,,false,true,-1,1
"CREYONES KORES TRIANG KROMAS X 12 COL","KORES",,creyones,"KO-CHK 12",,2.83,,,und,,,false,true,-1,1
"CREYONES KORES TRIANG KROMAS X 24 COL","KORES",,creyones,"KO-CHK 24",,5.64,,,und,,,false,true,-1,1
"CREYONES KORES TRIANG X36 COL NEW COLLAGE 933336.2","KORES",,creyones,"KO-CKT",,13.52,,,und,,,false,true,-1,1
"CREYONES PAPER MATE 12 CJA CARTON","PAPER MATE",,creyones,"HP-C12P",,2.73,,,und,,,false,true,-1,1
"CREYONES PAPER MATE 24COL HEXAG","PAPER MATE",,creyones,"HP-CRD24",,3.83,,,und,,,false,true,-1,1
"CREYONES PRISMACOLOR JUNIOR 12 SINGLE","PRISMACOLOR",,creyones,"HP-CRP12",,4.61,,,und,,,false,true,-1,1
"CREYONES PRISMACOLOR JUNIOR 24 COLOR","PRISMACOLOR",,creyones,"HP-CR24",,9.17,,,und,,,false,true,-1,1
"CREYONES STUDMARK 12X24 HEXAG 03429","STUDMARK",,creyones,"ST-C12H",,3.45,,,und,,,false,true,-1,1
"CUADERNO 100 PEQ/CUADRO/GRAP IMAGENES 557174","",,cuadernos,"SN-CU100C",,1.00,,,und,,,false,true,-1,1
"CUADERNO 100HJAS CUADRO REPROPAPER","",,cuadernos,"IV-SGEN",,1.11,,,und,,,false,true,-1,1
"CUADERNO 30 H CUADRO ECOLOGICO","",,cuadernos,"LA-C30CU",,1.11,,,und,,,false,true,-1,1
"CUADERNO 80 H 2 LINEA ECOLOG REY","",,cuadernos,"CI-C802LE",,1.32,,,und,,,false,true,-1,1
"CUADERNO 80 H CUADRO ECOLOGICO","",,cuadernos,"LA-C40EC",,1.00,,,und,,,false,true,-1,1
"CUADERNO CONTABILIDAD 2 COLUMNAS 16 PAG","",,cuadernos,"CI-CU2",,3.29,,,und,,,false,true,-1,1
"CUADERNO CONTABILIDAD 4 COL 16 PAG","",,cuadernos,"CI-CU4",,4.12,,,und,,,false,true,-1,1
"CUADERNO DIBUJO ALPHA  24hojas grapado","",,engrapadoras,"IC-CUD",,1.23,,,und,,,false,true,-1,1
"CUADERNO GRAPADO 50 HOJAS Eco","",,engrapadoras,"DU-CU50T",,0.75,,,und,,,false,true,-1,1
"CUADERNO PRE-ESCOLAR B","",,cuadernos,"ID-CPB",,2.11,,,und,,,false,true,-1,1
"CUADERNO PRE-ESCOLAR C","",,cuadernos,"ID-CPC",,2.11,,,und,,,false,true,-1,1
"CUENTA FACIL AZZU","",,varios,"IX-TAKI",,0.92,,,und,,,false,true,-1,1
"CUENTA FACIL PRINTA/OFIART 40GR","PRINTA",,varios,"CPR-CF40",,2.52,,,und,,,false,true,-1,1
"CUENTA FACIL STUDMARK 40 GRAMOS","STUDMARK",,varios,"IM-CTFA",,2.93,,,und,,,false,true,-1,1
"CUENTOS DE GRANDES LECCIONES","",,varios,"SIC-9007",,5.05,,,und,,,false,true,-1,1
"CUENTOS DENTRO DE LAS MARAVILLAS","",,varios,"SIC-55596",,5.05,,,und,,,false,true,-1,1
"CUENTOS FABULAS DE ESOPO","",,varios,"SIC-2021",,5.05,,,und,,,false,true,-1,1
"CUENTOS ME DIVIERTO Y APRENDO","",,varios,"SIC-18052",,4.41,,,und,,,false,true,-1,1
"CUENTOS PEQUENOS INVESTIGADORES","",,varios,"SIC-18014",,2.52,,,und,,,false,true,-1,1
"CUENTOS SUENA EN GRANDE I","",,varios,"SIC-1478",,8.25,,,und,,,false,true,-1,1
"CUENTOS SUENA EN GRANDE II","",,varios,"SIC-1485",,8.25,,,und,,,false,true,-1,1
"CUENTOS SUENA EN GRANDE III","",,varios,"SIC-1492",,8.25,,,und,,,false,true,-1,1
"CUENTOS SUENA EN GRANDE IV","",,varios,"SIC-1508",,8.25,,,und,,,false,true,-1,1
"DISPENSADOR DE CLIP MAGNETICO OFIART/PRINTA","PRINTA",,clips_ganchos,"OFI-DCMAG",,1.01,,,und,,,false,true,-1,1
"DISPENSADOR MAYKA 36 YDS.","MAYKA",,varios,"MY-D36",,6.45,,,und,,,false,true,-1,1
"DISPENSADOR MAYKA 72 YDS.","MAYKA",,varios,"MY-DIS72",,8.19,,,und,,,false,true,-1,1
"ENGRAPADORA ALICATE CROMADA LEVO DUAL","LEVO",,engrapadoras,"LEV-ENGP",,9.19,,,und,,,false,true,-1,1
"ENGRAPADORA ALICATE METAL MR/B","",,engrapadoras,"ACG-EPA",,7.47,,,und,,,false,true,-1,1
"ENGRAPADORA ALICATE PLATEADA SHARK G/LISAS","SHARK",,engrapadoras,"SH-ENGP",,7.36,,,und,,,false,true,-1,1
"ENGRAPADORA DE ESCRITORIO GDE OFIMAK OK100B","",,engrapadoras,"CO-ENPG",,3.88,,,und,,,false,true,-1,1
"ESCARCHA .4MM X UNIDAD COLORES SURTIDAS","",,varios,"PD-12725EVE",,0.92,,,und,,,false,true,-1,1
"ESTAMBRE ESC COL SURTIDOS X10 PRODIMAR","",,varios,"IG-ESUR",,4.16,,,und,,,false,true,-1,1
"ESTUCHES PARA BOLIGRAFOS","",,boligrafos,"ES-ESB",,11.97,,,und,,,false,true,-1,1
"ETIQUETAS AUTOADHESIVAS PAQUETE x48","",,varios,"CO-2000",,5.51,,,und,,,false,true,-1,1
"ETIQUETAS AUTOADHESIVAS T/CARTA POINTER T/CX20","",,varios,"ID-EAUTC",,4.71,,,und,,,false,true,-1,1
"FICHAS RAYADA 3X5 100 UND JGC","",,varios,"CH-FI58",,2.67,,,und,,,false,true,-1,1
"FICHAS RAYADA TAM. 4*6 100 UND.JGC","",,varios,"CH-FI69",,4.00,,,und,,,false,true,-1,1
"FIELTRO ESCOLAR X 10 AZUL BANDERA","",,varios,"PRD-FIAZ",,4.77,,,und,,,false,true,-1,1
"FOAME CARTA  SOLIDO SURTIDO PRODIMAR","",,varios,"DM-FOAVC",,1.96,,,und,,,false,true,-1,1
"FOAME CARTA BAMBARY AZUL CIELO X12","",,varios,"JB-FOMO",,2.64,,,und,,,false,true,-1,1
"FOAME CARTA BAMBARY PA;O X10","",,varios,"DM-FEFAZ",,3.49,,,und,,,false,true,-1,1
"FOAME CARTA BAMBARY TEXTURIZADO X10","",,varios,"DM-FEFA",,3.49,,,und,,,false,true,-1,1
"FOAME CARTA BAMBARY VIOLETA X12","",,varios,"JB-FORS",,2.64,,,und,,,false,true,-1,1
"FOAME CARTA KORES VERDE MANZANA X 12","KORES",,varios,"KO-FOAMVC",,3.91,,,und,,,false,true,-1,1
"FOAME CARTA MILCOLO MULTICOLOR","",,varios,"DM-FOMU",,1.64,,,und,,,false,true,-1,1
"FOAME CARTA MILCOLO VERDE NAVIDAD","",,varios,"DM-FSVN",,1.64,,,und,,,false,true,-1,1
"FOAME D/CARTA VARIOS COLORES","",,varios,"DM-FDBL",,3.75,,,und,,,false,true,-1,1
"FOAME ESCAR D/CARTA VARIOS COLORESX10 PRODIMAR","",,varios,"DM-FDEN",,5.96,,,und,,,false,true,-1,1
"FOAME ESCAR.CARTA X10  OFFICE-P","",,varios,"DM-FOAM",,2.37,,,und,,,false,true,-1,1
"FOAME ESCAR.CARTA X10 LILA MILCOLOR A013","",,varios,"DM-FOMO",,2.37,,,und,,,false,true,-1,1
"FOAME ESCAR.CARTA X10 NARANJA MILCOLOR A011","",,varios,"DM-FONA",,2.37,,,und,,,false,true,-1,1
"FOAME ESCARC.CARTA X10 MORADO","",,varios,"DA-FEAZC",,2.81,,,und,,,false,true,-1,1
"FOAME ESCARCHADO T/CARTA COLORES SURTIDOS PRODIMAR","",,varios,"DM-FECD",,2.60,,,und,,,false,true,-1,1
"FOAMY CARTA SYSABE X 24 FUCSIA","",,varios,"SY-90076",,5.72,,,und,,,false,true,-1,1
"FUNDA PARA CD X UND","",,multimedia,"LE-FUNCD",,0.09,,,und,,,false,true,-1,1
"FUNDAS PROTC.T/CARTA X 100 OFIART OF-062","OFIART",,varios,"UNI-FUNDA",,5.59,,,und,,,false,true,-1,1
"FUNDAS PROTC.T/CARTA X 20 OFIART/PRINTA","PRINTA",,varios,"PR-F20",,1.24,,,und,,,false,true,-1,1
"FUNDAS PROTC.T/OFIC.X 20 OFIART  OF-063","OFIART",,varios,"UNI-FUX20",,1.85,,,und,,,false,true,-1,1
"FUNDAS PROTC.T/OFICIOO X 100 MR/B","",,varios,"ACG-FP",,4.19,,,und,,,false,true,-1,1
"FUNDAS PROTECTORA T/CARTA MR-B X100","",,varios,"ACG-FPTC",,4.19,,,und,,,false,true,-1,1
"FUNDAS PROTECTORA T/OFICIO OFIARTx100","OFIART",,varios,"OF-FPTO",,6.75,,,und,,,false,true,-1,1
"GANCHO DOBLE CLIP 19MM 3/4"" X12 UND","",,clips_ganchos,"HI-112",,0.97,,,und,,,false,true,-1,1
"GANCHO DOBLE CLIP 25MM 1""X 12UND","",,clips_ganchos,"HI-111",,1.33,,,und,,,false,true,-1,1
"GANCHO DOBLE CLIP 32MM 1 1/4"" X12 UND","",,clips_ganchos,"HI-110",,1.56,,,und,,,false,true,-1,1
"GANCHO DOBLE CLIP 41MM 1.5/8""X12 UND","",,clips_ganchos,"HI-109",,3.32,,,und,,,false,true,-1,1
"GANCHO DOBLE CLIP 51MM 2"" X12 UND","",,clips_ganchos,"HI-108",,3.99,,,und,,,false,true,-1,1
"GANCHOS P/CARPETAS METAL IDEOFFICE","",,carpetas,"GD-GAC",,2.08,,,und,,,false,true,-1,1
"GANCHOS P/CARPETAS METAL MR/B CJX50 S-GANC","",,carpetas,"OFI-GC",,1.91,,,und,,,false,true,-1,1
"GANCHOS P/CARPETAS METAL OFIMAK","",,carpetas,"PE-GCA",,2.65,,,und,,,false,true,-1,1
"GANCHOS P/CARPETAS METAL X50 PRINTA/OFIART","PRINTA",,carpetas,"IC-GAC",,2.97,,,und,,,false,true,-1,1
"GANCHOS P/CARPETAS PLASTC X25 CONTINENTAL","",,carpetas,"IC-GAP",,0.75,,,und,,,false,true,-1,1
"GOMA DE BORRAR NATA 620 (CJA X20)","",,pegamentos,"MY-GO620",,15.85,,,und,,,false,true,-1,1
"GOMA DE BORRAR NATA 620 UNIDAD","",,pegamentos,"AR-GOB",,0.79,,,und,,,false,true,-1,1
"GOMA DE PEGAR MARFIL 125 GRS","",,pegamentos,"DU-GP125",,1.77,,,und,,,false,true,-1,1
"GOMA DE PEGAR MARFIL 250 GRS","",,pegamentos,"DU-GP250",,2.33,,,und,,,false,true,-1,1
"GOMA DE PEGAR MARFIL 40 GRS","",,pegamentos,"DU-GP40",,0.59,,,und,,,false,true,-1,1
"GOMA EN BARRA ARTESCO 8 GRS STICKY","ARTESCO",,pegamentos,"CB-GP8",,0.73,,,und,,,false,true,-1,1
"GOMA EN BARRA KORES 20 GRS 12202.62","KORES",,pegamentos,"KO-GK20",,1.36,,,und,,,false,true,-1,1
"GOMA EN BARRA KORES JUMBO 40 GRS 12402.62","KORES",,pegamentos,"KO-GPKJ",,2.95,,,und,,,false,true,-1,1
"GOMA EN BARRA OFIART 15 GRS","OFIART",,pegamentos,"OFI-G15",,0.45,,,und,,,false,true,-1,1
"GOMA EN BARRA OFIART/PRINTA 21 GR","PRINTA",,pegamentos,"OFI-G21",,0.52,,,und,,,false,true,-1,1
"GOMA EN BARRA PRINTA 15 GRS","PRINTA",,pegamentos,"PRI-G15",,0.45,,,und,,,false,true,-1,1
"GRAPAS CORRUGADA IDEOFFICE","",,engrapadoras,"PE-GRC",,2.99,,,und,,,false,true,-1,1
"GRAPAS INDUS 23/10 PRINTA","PRINTA",,engrapadoras,"CO-G23/10",,1.33,,,und,,,false,true,-1,1
"GRAPAS INDUS 23/17 PRINTA","PRINTA",,engrapadoras,"II-GI2317",,2.35,,,und,,,false,true,-1,1
"GRAPAS INDUS 23/20 PRINTA","PRINTA",,engrapadoras,"CO-G23/15",,2.51,,,und,,,false,true,-1,1
"GRAPAS LISAS ESTOL","",,engrapadoras,"EST-GAPL",,1.40,,,und,,,false,true,-1,1
"GRAPAS LISAS IDEOFFICE","",,engrapadoras,"PE-GRL",,1.57,,,und,,,false,true,-1,1
"HOJAS DE EXAMEN PAQ 50 HJAS RAYA JGC","",,varios,"GF-HE50",,3.60,,,und,,,false,true,-1,1
"JUEGO DE GEOMETRIA MAYKA","MAYKA",,varios,"MY-JG",,2.20,,,und,,,false,true,-1,1
"JUEGO DE GEOMETRIA OFIART 4 PIEZAS","OFIART",,varios,"OF-JGM",,1.29,,,und,,,false,true,-1,1
"LAMINA PARA ENCUADERNAR COLORES PAQ X50","",,varios,"IT-LV",,14.67,,,und,,,false,true,-1,1
"LAPIZ CHEQ.BICOLOR ESTOL X12","BIC",,lapices,"AR-LACE",,1.63,,,und,,,false,true,-1,1
"LAPIZ CHEQ.BICOLOR OFIART X12","OFIART",,lapices,"OFI-LAB",,2.33,,,und,,,false,true,-1,1
"LAPIZ DIBUJO ARTESCO 3H X12","ARTESCO",,lapices,"AR-L3H",,3.09,,,und,,,false,true,-1,1
"LAPIZ DIBUJO ARTESCO HB X12","ARTESCO",,lapices,"AR-LHB",,3.09,,,und,,,false,true,-1,1
"LAPIZ DIBUJO TURQUOISE HB x12u","TURQUOISE",,lapices,"HP-LDHB",,2.81,,,und,,,false,true,-1,1
"LAPIZ GRADUADOS KORES CJA METAL X12","KORES",,lapices,"KO-LGCM",,10.41,,,und,,,false,true,-1,1
"LAPIZ KORES COAH GRUESO TRIANGULAR 92530-54","KORES",,lapices,"KO-LAKG",,3.32,,,und,,,false,true,-1,1
"LAPIZ KORES TRIANGULAR GRAFITO HB","KORES",,lapices,"KO-LAT",,2.92,,,und,,,false,true,-1,1
"LAPIZ MONGOL No 2 CJx12 AMARILLO","MONGOL",,lapices,"HP-LAM2",,2.99,,,und,,,false,true,-1,1
"LAPIZ NATARAJ HB ESTUCHE X 12 UND","",,lapices,"CE-LP12",,1.65,,,und,,,false,true,-1,1
"LAPIZ PRINTA(CAJA X 12) MINA HB EXAGONAL","PRINTA",,lapices,"PRI-LP",,1.71,,,und,,,false,true,-1,1
"LIBRETA ESPIRAL GDE/100 HJAS 1MAT JGC","",,cuadernos,"JG-LE100",,2.67,,,und,,,false,true,-1,1
"LIBRETA ESPIRAL GRD 150 HOJAS JGC 5/MAT","",,cuadernos,"ED-LE6M",,7.01,,,und,,,false,true,-1,1
"LIBRETA ESPIRAL GRD 150 HOJAS JGC 5/MAT","",,cuadernos,"JGC-LE5M",,8.49,,,und,,,false,true,-1,1
"LIBRETA GDE 64 H 2 LINE(21X27)Xpress Arte","",,cuadernos,"SG-LG64L",,1.76,,,und,,,false,true,-1,1
"LIBRETA GRD 100 H  TESIS JGC","",,cuadernos,"DISPA-LIG100ET",,2.11,,,und,,,false,true,-1,1
"LIBRETA GRD 100 H CARIBE  D/LINEA","CARIBE",,cuadernos,"CP-LIG100M",,1.93,,,und,,,false,true,-1,1
"LIBRETA GRD 100 H CARIBE  TESIS KIDS","CARIBE",,cuadernos,"CP-LIGCJ",,1.93,,,und,,,false,true,-1,1
"LIBRETA GRD 100 H CARIBE CUADRO","CARIBE",,cuadernos,"CP-LIB100",,1.93,,,und,,,false,true,-1,1
"LIBRETA GRD 100 H FAMA TESIS","",,cuadernos,"CG-L100T",,1.13,,,und,,,false,true,-1,1
"LIBRETA GRD 100H 2 LINEA BAQUERO","",,cuadernos,"CB-L1002L",,1.31,,,und,,,false,true,-1,1
"LIBRETAS 100 FAMA DOBLE LINEA","",,cuadernos,"CG-L100DL",,1.33,,,und,,,false,true,-1,1
"LIBROS CONTAB.100 FOLIO 2COL REYLUR","",,libros_contables,"RY-CO1002",,3.12,,,und,,,false,true,-1,1
"LIBROS CONTAB.200 FOLIOS 2 COL LIDER","",,libros_contables,"BO-CO2002",,7.36,,,und,,,false,true,-1,1
"LIBROS CONTAB.300 FOLIOS 2 COL LIDER   OFERTA","",,libros_contables,"BO-CO3002",,7.36,,,und,,,false,true,-1,1
"LIBROS CONTAB.300 FOLIOS 3 COL LIDER    OFERTA","",,libros_contables,"BO-CO3003",,11.01,,,und,,,false,true,-1,1
"LIBROS DE ACTAS 100 FOLIO CAMUFLAGEADO","",,libros_contables,"BO-AC100",,4.07,,,und,,,false,true,-1,1
"LIBROS DE ACTAS 200 FOLIOS CAMUFLAGEADO","",,libros_contables,"BO-AC200",,8.15,,,und,,,false,true,-1,1
"LIBROS DE ACTAS 300 CAMUFLAGE","",,libros_contables,"BO-AC300",,12.21,,,und,,,false,true,-1,1
"LIBROS DE ACTAS 500 FOLIOS CAMUFLAJE","",,libros_contables,"BO-AC500",,20.35,,,und,,,false,true,-1,1
"LIBROS LICORES DE 50 FOLIOS","",,libros_contables,"LI-LIC",,3.29,,,und,,,false,true,-1,1
"MARACADOR PIZARRA AZUL X12 SHARK","SHARK",,cartelera,"BU-MPAZ",,6.52,,,und,,,false,true,-1,1
"MARCADOR DETECTOR DE BILLETES X UNID","",,marcadores,"CG-MD",,1.41,,,und,,,false,true,-1,1
"MARCADOR ESCOLAR DE AGUA X 6 COL PRIN/OFIAR","",,marcadores,"PRI-MA6",,1.93,,,und,,,false,true,-1,1
"MARCADOR ESCOLAR DE AGUA X12 OFI/PRIT","",,marcadores,"PRI-MA12",,3.61,,,und,,,false,true,-1,1
"MARCADOR ESCOLAR GORDITOS 6 COL","",,marcadores,"I2020",,5.13,,,und,,,false,true,-1,1
"MARCADOR ESCOLAR KORES X12 KORELLO 29013-01","KORES",,marcadores,"KO-MES12",,5.56,,,und,,,false,true,-1,1
"MARCADOR ESCOLAR X12 AGUA GRUESO STUDMART ST-03902","",,marcadores,"SHI-MEAG",,4.80,,,und,,,false,true,-1,1
"MARCADOR FINO CRISVI AZ X12","",,marcadores,"IV-SGMCFAZ",,6.07,,,und,,,false,true,-1,1
"MARCADOR GRUESO 680 SHARPIE AZUL X12","SHARPIE",,marcadores,"HP-MAMMA",,17.92,,,und,,,false,true,-1,1
"MARCADOR GRUESO 680 SHARPIE NARANJA X12","SHARPIE",,marcadores,"HP-MAMMN",,17.92,,,und,,,false,true,-1,1
"MARCADOR GRUESO 680 SHARPIE NEGRO X12","SHARPIE",,marcadores,"HP-MAMM",,17.92,,,und,,,false,true,-1,1
"MARCADOR GRUESO 680 SHARPIE ROJO X12","SHARPIE",,marcadores,"HP-MAMMR",,17.92,,,und,,,false,true,-1,1
"MARCADOR GRUESO 690 SHARPIE AZUL X12","SHARPIE",,marcadores,"HP-MAZMA",,17.92,,,und,,,false,true,-1,1
"MARCADOR GRUESO 690 SHARPIE NEGRO X12","SHARPIE",,marcadores,"HP-MAZMN",,17.92,,,und,,,false,true,-1,1
"MARCADOR GRUESO 690 SHARPIE VERDE X12","SHARPIE",,marcadores,"HP-MAZMV",,17.92,,,und,,,false,true,-1,1
"MARCADOR GRUESO IDEOFFICE X12 AZ","",,marcadores,"RAU-MGPAZ",,6.12,,,und,,,false,true,-1,1
"MARCADOR GRUESO PRINTA/OFIART NE X12","PRINTA",,marcadores,"CE-MGN",,5.31,,,und,,,false,true,-1,1
"MARCADOR GRUESO PRINTA/OFIART RO X012","PRINTA",,marcadores,"PR-MAGR",,5.31,,,und,,,false,true,-1,1
"MARCADOR P/FINA DOBLE PUNTA SHARPIE NE","SHARPIE",,marcadores,"HP-MF8",,15.36,,,und,,,false,true,-1,1
"MARCADOR P/FINA SHARPIE X 12 NEGRO","SHARPIE",,marcadores,"AR-MF",,13.48,,,und,,,false,true,-1,1
"MARCADOR P/FINA TOP AZUL X 12 LIDERPEN","LIDERPEN",,marcadores,"LI-MFTA",,7.48,,,und,,,false,true,-1,1
"MARCADOR P/PIZARRA EXPO AZUL NACION X12","",,marcadores,"HP-MNA",,21.28,,,und,,,false,true,-1,1
"MARCADOR P/PIZARRA EXPO NEGR NACION X12","",,marcadores,"HP-MNE",,21.28,,,und,,,false,true,-1,1
"MARCADOR P/PIZARRA EXPO ROJO  X12","",,marcadores,"HP-MPER",,21.28,,,und,,,false,true,-1,1
"MARCADOR P/PIZARRA EXPO VARIOS COL/SURTX12","",,marcadores,"HP-MPCL",,20.80,,,und,,,false,true,-1,1
"MARCADOR P/PIZARRA EXPO VERD NACION X12","",,marcadores,"HP-MNV",,21.28,,,und,,,false,true,-1,1
"MARCADOR PARA PIZARRA NE OFIART/PRINTA X12","PRINTA",,marcadores,"CO-MPNE",,7.28,,,und,,,false,true,-1,1
"MARCADOR PARA PIZARRA PRINTA/OFIART AZ X12","PRINTA",,marcadores,"CO-MPAZ",,7.28,,,und,,,false,true,-1,1
"MARCADOR PARA PIZARRA SHARK NEGRO X12","SHARK",,marcadores,"KO-MPP",,5.95,,,und,,,false,true,-1,1
"MARCADOR PARA PIZARRA SHARK ROJO X12","SHARK",,marcadores,"KO-MPRO",,5.95,,,und,,,false,true,-1,1
"MARCADOR PERMANENTE NE PUNTA CICEL X 12PZSOFIMAX","",,marcadores,"OF-MAGOFA",,5.55,,,und,,,false,true,-1,1
"MARCADOR PIZARRA OFIART X 12 VERDE","OFIART",,marcadores,"CO-MPVD",,7.28,,,und,,,false,true,-1,1
"MARCADOR PIZARRA OFIART/PRINTA RO","PRINTA",,marcadores,"CO-MPRO",,7.28,,,und,,,false,true,-1,1
"MARCADOR PTA FINA K-MARKER P1M KORES NE 22100.02","KORES",,marcadores,"KO-MFUFN",,9.72,,,und,,,false,true,-1,1
"MARCADOR PUNTA FINA SHARK AZUL X12","SHARK",,marcadores,"OFI-MPFN",,3.89,,,und,,,false,true,-1,1
"MARCADOR RESALT PRINTA/OFIART VERDE X12","PRINTA",,marcadores,"HP-MRANN",,7.07,,,und,,,false,true,-1,1
"MARCADOR RESALT.ACCENT 3D AMARILLO X12","",,marcadores,"HP-MRAM",,20.16,,,und,,,false,true,-1,1
"MARCADOR RESALT.ACCENT 3D VERDE X12","",,marcadores,"HP-MRAMV",,20.16,,,und,,,false,true,-1,1
"MARCADOR RESALT.LUXOR GRUESX10 AMARILLO","LUXOR",,marcadores,"CE-MRLG",,13.76,,,und,,,false,true,-1,1
"MARCADOR RESALT.OFIART/PRINTA AM X12","PRINTA",,marcadores,"LI-MRAM",,6.72,,,und,,,false,true,-1,1
"MARCADOR RESALT.PRINTA/OFIART RS X12","PRINTA",,marcadores,"HP-MRAMR",,6.72,,,und,,,false,true,-1,1
"MARCADOR RESALT.SHARK NARANJA X 12","SHARK",,marcadores,"KO-MRKNA",,4.72,,,und,,,false,true,-1,1
"MARCADOR RESALTADOR AMARILLO SHARK/BULLX12","SHARK",,marcadores,"KO-MRKA",,4.72,,,und,,,false,true,-1,1
"MARCADOR RESALTADOR SHARPIE BLISTER X 4","SHARPIE",,marcadores,"IV-SGMRBX4",,2.48,,,und,,,false,true,-1,1
"MEMORIA MICRO SD 32 GB","",,varios,"HW-ME32",,5.81,,,und,,,false,true,-1,1
"METODO PALMER CALIGRAFIA 1","",,varios,"ED-MPC1",,3.05,,,und,,,false,true,-1,1
"METODO PALMER CALIGRAFIA 2","",,varios,"ED-MPC2",,3.05,,,und,,,false,true,-1,1
"METODO PALMER CALIGRAFIA 3","",,varios,"ED-MPC3",,3.05,,,und,,,false,true,-1,1
"METODO PALMER COMERCIAL","",,varios,"ED-MPC",,3.27,,,und,,,false,true,-1,1
"NOTAS  ADHESIVAS 3X5PRI/OF 100H AM OF0194","",,varios,"PR-NAH3X5",,1.40,,,und,,,false,true,-1,1
"NOTAS ADH 3X3 100HJAS OF/PRI AM OF-036 STANDARD","",,varios,"OF-NA3X3",,0.87,,,und,,,false,true,-1,1
"NOTAS ADH FLECHAS X5 COL SHARK","SHARK",,varios,"BU-NFHA",,1.83,,,und,,,false,true,-1,1
"NOTAS ADHES BANDERAS X10 PZSX25HJAS OFIA/OF033","",,varios,"OF-NAB",,2.21,,,und,,,false,true,-1,1
"NOTAS ADHESIVA AMARILLA 2X3 100HJAS PRINTA","PRINTA",,varios,"PR-NDH2X3",,0.53,,,und,,,false,true,-1,1
"NOTAS ADHESIVAS FLECHAS OFIART OF-034","OFIART",,varios,"OFI-NAS",,1.61,,,und,,,false,true,-1,1
"NOTAS OFIART 3X3 SURT.320 HOJAS PR-0135","OFIART",,varios,"OFI-NNE",,2.80,,,und,,,false,true,-1,1
"NUMERADOR AUTOMATICA 6 DIG PRINR/OFIART","OFIART",,varios,"SH-FOA6",,22.45,,,und,,,false,true,-1,1
"PALETAS COLORES EMP.X 50 PIEZAS","",,varios,"CG-PHC",,1.01,,,und,,,false,true,-1,1
"PALETAS NATURAL EMP.X 50 PIEZAS","",,varios,"CG-PHN",,0.89,,,und,,,false,true,-1,1
"PAPEL CARBON AZUL OFICIO KORES X100","KORES",,papel,"KO-PC200HO",,15.17,,,und,,,false,true,-1,1
"PAPEL CELOFAN COLORES SURTIDOS X50UNID","",,papel,"HI-PCA",,11.93,,,und,,,false,true,-1,1
"PAPEL CONTAC ADHESIVO/RETICULADO/DOR/PLAT","",,papel,"CU-M04",,4.08,,,und,,,false,true,-1,1
"PAPEL CONTAC COLORES 45CMX20 MTRS SOLID/COLOR","",,papel,"CU-SFU",,22.17,,,und,,,false,true,-1,1
"PAPEL CREPE COL SURTIDOS X10 PRODIMAR","",,papel,"IE-PCBC",,3.47,,,und,,,false,true,-1,1
"PAPEL CREPE MAYKA X10 PLIEGO","MAYKA",,papel,"IM-PCS",,5.05,,,und,,,false,true,-1,1
"PAPEL DE SEDA COLOR AMARILLO X 100 UND","",,papel,"DM-PSAM",,7.85,,,und,,,false,true,-1,1
"PAPEL DE SEDA VERDE NAVIDAD X 100","",,papel,"DM-PSVE",,7.85,,,und,,,false,true,-1,1
"PAPEL LUSTRILLO AMARILLO X PLIEGO","",,papel,"ET-PLAMA",,0.36,,,und,,,false,true,-1,1
"PAPEL LUSTRILLO BLANCO X PLIEGO","",,papel,"ET-PLBL",,0.36,,,und,,,false,true,-1,1
"PAPEL R.BOND 20 66*96 UNIDAD","",,papel,"DIS-P6696BL",,0.28,,,und,,,false,true,-1,1
"PAPEL R.FOTOCOPIA CARTA HP","",,papel,"HW-PACC",,7.07,,,und,,,false,true,-1,1
"PAPEL R.FOTOCOPIA EXT.OFICIO HP","",,papel,"ISS-PFOEO",,8.25,,,und,,,false,true,-1,1
"PAPEL R.FOTOCOPIA OFICIO HP","",,papel,"OSO-PAFO",,9.53,,,und,,,false,true,-1,1
"PAPEL R.FOTOCOPIA OFICIO REPROGRAF","",,papel,"MR-PAFOO",,9.16,,,und,,,false,true,-1,1
"PAPELERAS DE MALLA METALICA MED NE-PLATA PR-0161","",,papel,"DA-PA",,8.09,,,und,,,false,true,-1,1
"PEGA ESCOLAR LA NIEVE 135GRS","LA NIEVE",,varios,"IV-PE135",,1.67,,,und,,,false,true,-1,1
"PEGA ESCOLAR LA NIEVE 250GRS","LA NIEVE",,varios,"IV-PE250",,2.79,,,und,,,false,true,-1,1
"PEGA ESCOLAR LA NIEVE 37GRS","LA NIEVE",,varios,"IV-PE37",,0.68,,,und,,,false,true,-1,1
"PEGA ESCOLAR LA NIEVE 70GRS X UND","LA NIEVE",,varios,"IV-PE70",,1.05,,,und,,,false,true,-1,1
"PEGA ESCOLAR MARFIL 250 GM","",,varios,"IVC-PGM",,2.21,,,und,,,false,true,-1,1
"PEGA LIQUIDA 500CC DELPHIS","",,varios,"ID-PE500CC",,5.43,,,und,,,false,true,-1,1
"PERFORADOR AJUSTABLE 7/8CM 30 HOJAS IBV 01103707","",,perforadoras,"CO-PPO",,13.63,,,und,,,false,true,-1,1
"PERFORADOR GRANDE 2 HUECOS MR/B","",,perforadoras,"ACG-PFG",,10.56,,,und,,,false,true,-1,1
"PERFORADOR GRD 2H AJUST 7/8 30HJAS PR-0087/OFI","",,perforadoras,"OF-P2H7/8",,14.48,,,und,,,false,true,-1,1
"PERFORADORA 3H PRINTA (PR-O-0208","PRINTA",,perforadoras,"PA-PE3H",,13.84,,,und,,,false,true,-1,1
"PERFORADORA PEQ 2 H PRINTA/OFIART 25 HJAS","PRINTA",,perforadoras,"IX-PE2H",,6.72,,,und,,,false,true,-1,1
"PINTADEDO ATENEA BLANCO X UNIDAD","",,pinturas,"ARQ-PDABL",,1.05,,,und,,,false,true,-1,1
"PINTADEDOS ATENEA AMARILLO XUNID","",,pinturas,"ARQ-PDAAM",,1.05,,,und,,,false,true,-1,1
"PINTADEDOS ATENEA AZUL XUNID","",,pinturas,"ARQ-PDAAZ",,1.05,,,und,,,false,true,-1,1
"PINTADEDOS ATENEA NEGRO X UNIDAD","",,pinturas,"ARQ-PDANE",,1.05,,,und,,,false,true,-1,1
"PINTADEDOS ATENEA VERDE X UNID","",,pinturas,"ARQ-PDAVE",,1.05,,,und,,,false,true,-1,1
"PINTADEDOS SOLITA BLANCO","",,pinturas,"OF-PB",,1.97,,,und,,,false,true,-1,1
"PINTADEDOS la ESTIC X UND 7 COL","",,pinturas,"PR-PS",,2.31,,,und,,,false,true,-1,1
"PINTURA AL FRIO OFICOLORES","",,pinturas,"QQ-PFQ",,1.19,,,und,,,false,true,-1,1
"PINTURA AL FRIO OSI FUCSIA","",,pinturas,"PR-PAFUS",,0.65,,,und,,,false,true,-1,1
"PINTURA AL FRIO VARIOS COL LA NIEVE 60CCML","LA NIEVE",,pinturas,"DAZ-PAFMA",,0.77,,,und,,,false,true,-1,1
"PINTURA AL FRIO YOGUI MAGENTA","",,pinturas,"QQ-PDV",,0.65,,,und,,,false,true,-1,1
"PINTURA AL FRIO YOGUI METALIZADA ORO/PLATA 30CM","",,pinturas,"QQ-PAYMTL",,0.65,,,und,,,false,true,-1,1
"PINTURA AL FRIO YOGUI MORADA","",,pinturas,"QQ-PAAZP",,0.56,,,und,,,false,true,-1,1
"PINTURA AL FRIO YOGUI ROJO NAVIDAD","",,pinturas,"ART-RONV",,0.64,,,und,,,false,true,-1,1
"PINTURA AL FRIO YOGUI ROSADO","",,pinturas,"QQ-PAYROS",,0.65,,,und,,,false,true,-1,1
"PINTURA AL FRIO YOGUI TURQUESA","",,pinturas,"QQ-PAYT",,0.65,,,und,,,false,true,-1,1
"PINTURA AL FRIO YOGUI UVA XUNID","",,pinturas,"QQ-PAYUVA",,0.65,,,und,,,false,true,-1,1
"PISTOLA DE SILICON GRANDE STUDMARK IMG-40","STUDMARK",,pegamentos,"SH-PISTG",,19.57,,,und,,,false,true,-1,1
"PISTOLA SILICON SYSABE PEQUE;A","",,pegamentos,"SY-PSM",,6.08,,,und,,,false,true,-1,1
"PIZARRA ACRILICA 60X45 OK 60X45 C/MARCO ALUMINIO","",,cartelera,"PROD-PA60X45",,23.09,,,und,,,false,true,-1,1
"PIZARRA ACRILICA 90X120 MARCO ALUMINIO IBV","",,cartelera,"IBV-PA9X1.2",,55.71,,,und,,,false,true,-1,1
"PIZARRA ACRILICA 90X60 OK C/MARCO ALUMINIO","",,cartelera,"PRO-PA90X60",,37.56,,,und,,,false,true,-1,1
"PLASTIDEDOS ESTIC XUND 6 COLORES","",,varios,"LE-PLST",,3.01,,,und,,,false,true,-1,1
"PLASTILINA 10 BARRAS LA NIEVE","LA NIEVE",,varios,"GL-PL10",,1.16,,,und,,,false,true,-1,1
"PLASTILINA 6 BARRAS LA NIEVE","LA NIEVE",,varios,"GL-PL6",,0.72,,,und,,,false,true,-1,1
"PLASTILINA 8 COL NEON/480G ST-MC-008-N","",,varios,"SHI-PL8NEO",,9.67,,,und,,,false,true,-1,1
"PLASTILINA 8 COL STUMARK 480G ST-MC-008","",,varios,"SHI-PL8CL",,9.67,,,und,,,false,true,-1,1
"PLASTILINA MARFIL LARGA X9 COLORES","",,varios,"IVC-PLX9C",,1.28,,,und,,,false,true,-1,1
"PORTA CARNET POINTER VERTICAL TRANSPARENTE","",,varios,"ND-PLVEO",,0.57,,,und,,,false,true,-1,1
"PORTA CARNET VERTICAL X 50 UND AZ-BL-RJ-NE OFIART","OFIART",,varios,"CO-PC",,16.84,,,und,,,false,true,-1,1
"PORTA CLIP IMANTADO ARTESCO","ARTESCO",,clips_ganchos,"CO-PCII",,1.49,,,und,,,false,true,-1,1
"PORTA LAPIZ DE MALLA METALICA PRI/OFIART","OFIART",,lapices,"PP-PL",,2.65,,,und,,,false,true,-1,1
"PORTA LAPIZ de maya METALICO NE/PLT KAISER","",,lapices,"DA-POL",,2.95,,,und,,,false,true,-1,1
"PORTAMINA ORION .5MM 24 PZAS 3704-5","",,varios,"SHI-PT",,9.77,,,und,,,false,true,-1,1
"REGLAS PLASTICAS DE 30 CM SHARK","SHARK",,reglas,"SH-R30",,0.29,,,und,,,false,true,-1,1
"REGLAS PLASTICAS DE 30 CM TAURO TRANSPARENTE","",,reglas,"IV-R30",,0.41,,,und,,,false,true,-1,1
"REP.WATERMAN BOLIGRAFO AZUL PTA MEDIA","",,boligrafos,"GI-731496",,9.17,,,und,,,false,true,-1,1
"REPUESTO BOLI.WATERMAN AZUL MEDIO","",,varios,"GI-RAZW",,14.04,,,und,,,false,true,-1,1
"REPUESTO BOLI.WATERMAN NEGRO MEDIO","",,varios,"GI-RNEW",,14.04,,,und,,,false,true,-1,1
"REPUESTO CUCHILLA 9MM PRINTA  0013","PRINTA",,varios,"CPR-RC",,0.76,,,und,,,false,true,-1,1
"REPUESTO PLUMA FUENTE NEGRO X 12","",,varios,"SA-RPFN",,27.91,,,und,,,false,true,-1,1
"REPUESTOS BOL PARKER VECTOR (BLISTER X5)","PARKER",,varios,"GI-721954",,24.77,,,und,,,false,true,-1,1
"ROLLOS DE PAPEL KRAF 81grs 180 mtrs","",,papel,"IB-PAK",,90.81,,,und,,,false,true,-1,1
"ROLLOS P.REGISTRADORA 80x65 MM TERMICO MAQ/FISCAL","",,varios,"IVK-RG70",,1.72,,,und,,,false,true,-1,1
"ROLLOS P.SUMADORA 2 1/4(57MMX40 TERMICO","",,varios,"CH-RO214",,0.51,,,und,,,false,true,-1,1
"ROLLOS TERMICOS PTO DE VENTA 57X40","",,varios,"I-THEROL",,0.75,,,und,,,false,true,-1,1
"SACAGRAPAS PRINTA/ OFIART OF-015","PRINTA",,engrapadoras,"GD-SAT",,0.99,,,und,,,false,true,-1,1
"SACAGRAPAS SHARK","SHARK",,engrapadoras,"IX-SAP",,0.72,,,und,,,false,true,-1,1
"SACAPUNTA ALUMINIO 2 HUEECOS SHARK KIDS","SHARK",,tajalapices,"PP-S040",,0.84,,,und,,,false,true,-1,1
"SACAPUNTA ELECTRICO STUDMARK","STUDMARK",,tajalapices,"CH-SCELT",,66.67,,,und,,,false,true,-1,1
"SACAPUNTA METAL  C/FUELLE 1 HUECO","",,tajalapices,"NO-5794",,0.81,,,und,,,false,true,-1,1
"SACAPUNTAS C/DEP. METAL XUNIDAD OFI/OF-E35","",,tajalapices,"AG-SMD",,0.61,,,und,,,false,true,-1,1
"SACAPUNTAS C/DEP.PLASTI LEVO 1 HUECO","LEVO",,tajalapices,"ST-SP",,0.63,,,und,,,false,true,-1,1
"SACAPUNTAS LEVO IRROMPIBLE METAL C/DEPOSITO T/ACOR","LEVO",,tajalapices,"KO-SADM",,0.96,,,und,,,false,true,-1,1
"SACAPUNTAS METALICO C/DEP POINTER 2 HUECOS","",,tajalapices,"KO-SAKO",,0.97,,,und,,,false,true,-1,1
"SELLO NUMERADOR 4MM","",,tinta_sellos,"GS-CP",,2.20,,,und,,,false,true,-1,1
"SEPARADORES BLANCOS MR/B 8 DIVISIONES","",,varios,"ACG-ISB",,0.76,,,und,,,false,true,-1,1
"SEPARADORES COLORES MR B 8 DIVISIONES","",,varios,"ACG-ISC",,0.87,,,und,,,false,true,-1,1
"SERVILLETA TOALLA ROLLO DE MANO","",,varios,"GR-TOARO",,30.87,,,und,,,false,true,-1,1
"SILICON BARRA DELGADO PAQX30 PIEZAS  OFIART","OFIART",,pegamentos,"DOFV-SEB",,7.60,,,und,,,false,true,-1,1
"SILICON BARRA GRUESA PAPX30 PIEZAS OFIART","OFIART",,pegamentos,"OR-SIL",,16.67,,,und,,,false,true,-1,1
"SILICON LIQUIDO 100ML OFIART","OFIART",,pegamentos,"OF-SL100ML",,1.96,,,und,,,false,true,-1,1
"SILICON LIQUIDO 100ml PRINTA","PRINTA",,pegamentos,"2530-SIL100",,1.92,,,und,,,false,true,-1,1
"SILICON LIQUIDO MR-B 250ML X UNID","",,pegamentos,"ACG-SLMB",,3.04,,,und,,,false,true,-1,1
"SILICON LIQUIDO OFIART/PRINT 250ML","OFIART",,pegamentos,"COR-SL250",,3.87,,,und,,,false,true,-1,1
"SOBRES BLANCOS 1/2 CARTA","",,sobres,"PCC-SOBB1/2C",,0.36,,,und,,,false,true,-1,1
"SOBRES BLANCOS 1/2 OFICIO","",,sobres,"PCC-SOBB1/20",,0.16,,,und,,,false,true,-1,1
"SOBRES BLANCOS T/CARTA (23x29)","",,sobres,"PCC-SOBBC",,0.02,,,und,,,false,true,-1,1
"SOBRES BLANCOS T/OFICIO","",,sobres,"PCC-SOBBO",,0.52,,,und,,,false,true,-1,1
"SOBRES MANILA 1/2 CARTA P/TAL 16X23","",,sobres,"CP-SOM1/2C",,0.32,,,und,,,false,true,-1,1
"SOBRES MANILA T/CARTA 23*29 ORO","",,sobres,"CP-SOMC",,0.21,,,und,,,false,true,-1,1
"SOBRES MANILA T/CARTA ECOLOG 23*29","",,sobres,"CP-SOCE",,0.33,,,und,,,false,true,-1,1
"SOBRES MANILA T/EXTRA OFICIO 30*40 oro","",,sobres,"CP-SOMEO",,0.25,,,und,,,false,true,-1,1
"SOBRES MANILA T/OFICIO ECOLOGICO","",,sobres,"CP-SOMOE",,0.12,,,und,,,false,true,-1,1
"SOBRES MANILA T/OFICIO Oro","",,sobres,"CP-SOMO",,0.27,,,und,,,false,true,-1,1
"SOBRES MANILA T/PAGO 10*16 KRAFT CARIBE","CARIBE",,sobres,"CP-SOMPA",,0.07,,,und,,,false,true,-1,1
"SOBRES MANILA T/RADIOGRA.CARIBE 38*45","CARIBE",,sobres,"PC-SOMRX",,0.32,,,und,,,false,true,-1,1
"SOBRES PLASTICO PORTA DOCUMENTOS SURTIDOS","",,sobres,"SJ-SOPC",,1.09,,,und,,,false,true,-1,1
"TABLA CHEQUEO OFIART CARTA CARTON PIEDRA","OFIART",,varios,"MY-TC",,3.40,,,und,,,false,true,-1,1
"TABLA CHEQUEO OFICIO OFIART MADERA OF-053","OFIART",,varios,"OFI-TC",,3.35,,,und,,,false,true,-1,1
"TABLA DE CHEQUE ACRILICA T/A4 CARTA 0174","",,varios,"OF-TCHA4",,4.37,,,und,,,false,true,-1,1
"TACO ENCOLADO BLANCO 500 HOJAS","",,varios,"GL-TACBL",,1.73,,,und,,,false,true,-1,1
"TEMPERA LA NIEVE X6 COL","LA NIEVE",,pinturas,"IVC-TP",,1.83,,,und,,,false,true,-1,1
"TIJERA ESCOLAR PTA ROMA 5""KORES(35131.51","KORES",,tijeras,"KO-ESK",,1.35,,,und,,,false,true,-1,1
"TIJERA ESCOLAR SHARK 5 PUL","SHARK",,tijeras,"DU-TES",,0.92,,,und,,,false,true,-1,1
"TIJERA OFICINA  MR-B 6 PULGADAS","",,tijeras,"OSD-TES",,1.00,,,und,,,false,true,-1,1
"TIJERA OFICINA 6 "" PRINT/OFIAR X15CM 0196","",,tijeras,"PRI-TI7",,1.92,,,und,,,false,true,-1,1
"TIJERA OFICINA 7"" PRINTA  PR-0038","PRINTA",,tijeras,"GD-TI6",,2.17,,,und,,,false,true,-1,1
"TIJERA OFICINA 7PULGADAS OFIART OF-038","OFIART",,tijeras,"OF-TIOS",,2.17,,,und,,,false,true,-1,1
"TIJERA OFICINA 8"" ESTOL","",,tijeras,"CO-TI8",,2.48,,,und,,,false,true,-1,1
"TINTA ALMOHADILLA ROLL-ON 60ML AZ OFIART 0093","OFIART",,tinta_sellos,"OF-TARAZ",,2.64,,,und,,,false,true,-1,1
"TINTA ALMOHADILLA ROLL-ON 60ML NE OFIART","OFIART",,tinta_sellos,"OF-TARNE",,2.64,,,und,,,false,true,-1,1
"TINTA GOTERO PRINTA AZUL DE 24 ML","PRINTA",,tinta_sellos,"OFI-TAZ",,0.65,,,und,,,false,true,-1,1
"TINTA GOTERO PRINTA NEGRA 24ML","PRINTA",,tinta_sellos,"OFI-TNE",,0.65,,,und,,,false,true,-1,1
"TINTA PARA ALMOHADILA RO KORES 28ML","KORES",,tinta_sellos,"KO-TITA",,1.64,,,und,,,false,true,-1,1
"TINTA ROLON LIDERPEN AZUL  60ml","LIDERPEN",,tinta_sellos,"LI-TRA",,2.87,,,und,,,false,true,-1,1
"TINTA ROLON LIDERPEN NEGRA  60ml","LIDERPEN",,tinta_sellos,"LI-TRN",,2.73,,,und,,,false,true,-1,1
"TINTERO GOTERO NE 50 ML OFIMAX OK-248","",,tinta_sellos,"OFI-TGN50",,1.84,,,und,,,false,true,-1,1
"TINTERO GOTERO ROJO 50ML OFIMAX OK250","",,tinta_sellos,"OFI-TGR50",,1.75,,,und,,,false,true,-1,1
"TIRRO DE 1"" CELOVEN 30 MTS 24MMx30 REF1140MT","",,cintas,"CE-TI1",,3.36,,,und,,,false,true,-1,1
"TIRRO DE 1/2"" CELLUX 12mmx30 mts C563-01","CELLUX",,cintas,"CEL-T1/2",,1.59,,,und,,,false,true,-1,1
"TIRRO DE 3/4"" PRINTA/OFIART 30 MTRS OF-0171","PRINTA",,cintas,"CO-TI1",,1.43,,,und,,,false,true,-1,1
"TIRRO ESCOLAR CELLUX  24mmx10 mts","CELLUX",,cintas,"CEL-TES",,0.99,,,und,,,false,true,-1,1
"TIRRO ESCOLAR OFIART","OFIART",,cintas,"OFI-TIE",,1.03,,,und,,,false,true,-1,1
"TIRRO MR BOBINA 2PULG 48MMX30M","",,cintas,"ACG-T2P",,1.89,,,und,,,false,true,-1,1
"TIRRO MR BOBINA 3/4X30MTRS","",,cintas,"ACG-T3/4X30",,0.80,,,und,,,false,true,-1,1
"TIZA ANTIPOLVO BLANCA DE 12 LA NIEVE","LA NIEVE",,tizas,"GL-TIZ12A",,0.51,,,und,,,false,true,-1,1
"TIZA ANTIPOLVO COLORES DE 12 LA NIEVE","LA NIEVE",,tizas,"GL-TIAC12",,0.64,,,und,,,false,true,-1,1
"TIZA LA NIEVE BLANCA DE 96","LA NIEVE",,tizas,"GL-TIZ96B",,3.61,,,und,,,false,true,-1,1